{
  "timeStamp": 2324255,
  "leftFoot": false,
  "sensorData":
  [
    10.231,
    5.321,
    8.231,
    1,
    10.231312,
    15.2313,
    2.131,
    8.231,
    9.0,
    1.220,
    9.0,
    3.21212323333,
    7.2313,
    6.2132131,
    2.123123,
    1.0
  ]
}
