{
  "timeStamp": 2324265,
  "leftFoot": false,
  "sensorData":
  [
    10.2313,
    7.2321,
    14.654,
    1.4334,
    5.65465,
    9.434,
    1.0,
    2.0,
    12.0,
    4.0,
    1.54525,
    5.0,
    6.0,
    9.0,
    6.0,
    10.0
  ]
}
