{
  "timeStamp": 2324245,
  "leftFoot": false,
  "sensorData":
  [
    1.2313,
    2.2321,
    3.654,
    4.4334,
    5.65465,
    6.434,
    7.0,
    8.0,
    9.0,
    10.0,
    11.0,
    12.0,
    13.0,
    14.0,
    15.0,
    16.0
  ]
}

{
  "timeStamp": 2324255,
  "leftFoot": false,
  "sensorData":
  [
    10.231,
    5.321,
    8.231,
    1,
    10.231312,
    15.2313,
    2.131,
    8.231,
    9.0,
    1.220,
    9.0,
    3.21212323333,
    7.2313,
    6.2132131,
    2.123123,
    1.0
  ]
}

{
  "timeStamp": 2324265,
  "leftFoot": false,
  "sensorData":
  [
    10.2313,
    7.2321,
    14.654,
    1.4334,
    5.65465,
    9.434,
    1.0,
    2.0,
    12.0,
    4.0,
    1.54525,
    5.0,
    6.0,
    9.0,
    6.0,
    10.0
  ]
}